product,keyword,0,1,2,3,4,5
NestOutdoorCam,security,0.0,0.014681286006318527,0.04906151272997584,0.02155733135104999,0.020999814160936627,0.012637056309236202
NestOutdoorCam,storage,0.0,0.003345103140680171,0.012822895372607323,0.004460137520906894,0.00297342501393793,0.000929195316855603
NestOutdoorCam,hack,0.0,0.0,0.00037167812674224123,0.0,0.00018583906337112061,0.0
NestOutdoorCam,aware,0.0,0.006876045344731463,0.023601561048132318,0.010964504738896116,0.004274298457535774,0.007061884408102583
NestOutdoorCam,monitor,0.0,0.003345103140680171,0.011707860992380598,0.0031592640773090504,0.00297342501393793,0.0016725515703400855
NestOutdoorCam,data,0.0,0.001486712506968965,0.004645976584278015,0.0016725515703400855,0.0016725515703400855,0.00018583906337112061
NestOutdoorCam,privacy,0.0,0.0,0.00037167812674224123,0.00037167812674224123,0.00297342501393793,0.0007433562534844825
NestOutdoorCam,loss,0.0,0.00037167812674224123,0.0007433562534844825,0.00018583906337112061,0.00018583906337112061,0.00037167812674224123
NestOutdoorCam,right,0.0,0.00297342501393793,0.01189370005575172,0.005017654711020256,0.002230068760453447,0.00297342501393793
NestOutdoorCam,license,0.0,0.000929195316855603,0.001858390633711206,0.000929195316855603,0.0005575171901133618,0.000929195316855603
NestOutdoorCam,scary,0.0,0.0,0.00018583906337112061,0.00018583906337112061,0.0,0.0
NestOutdoorCam,cyber,0.0,0.0,0.00018583906337112061,0.00018583906337112061,0.0,0.00018583906337112061
NestOutdoorCam,secure,0.0,0.001486712506968965,0.0026017468871956887,0.002230068760453447,0.0011150343802267236,0.0011150343802267236
NestOutdoorCam,police,0.0,0.00018583906337112061,0.000929195316855603,0.0007433562534844825,0.0007433562534844825,0.0
NestOutdoorCam,unusual,0.0,0.00037167812674224123,0.0,0.00018583906337112061,0.0,0.0
NestOutdoorCam,ads,0.0,0.0005575171901133618,0.0,0.0,0.0,0.0
NestOutdoorCam,surveillance,0.0,0.002230068760453447,0.0055751719011336185,0.0020442296970823266,0.001486712506968965,0.0020442296970823266
NestOutdoorCam,fear,0.0,0.0,0.0,0.00018583906337112061,0.0,0.0
NestOutdoorCam,physical,0.0,0.0,0.000929195316855603,0.00037167812674224123,0.0,0.00018583906337112061
NestOutdoorCam,safety,0.0,0.00018583906337112061,0.000929195316855603,0.0005575171901133618,0.0013008734435978444,0.000929195316855603
NestOutdoorCam,law,0.0,0.0,0.00018583906337112061,0.00037167812674224123,0.00018583906337112061,0.0005575171901133618
NestOutdoorCam,damage,0.0,0.0,0.000929195316855603,0.0,0.00018583906337112061,0.00018583906337112061
NestOutdoorCam,crime,0.0,0.0,0.00018583906337112061,0.00018583906337112061,0.0,0.0
NestOutdoorCam,creepy,0.0,0.0,0.00018583906337112061,0.0,0.0,0.0
NestOutdoorCam,track,0.0,0.0005575171901133618,0.0013008734435978444,0.0,0.00018583906337112061,0.0005575171901133618
NestOutdoorCam,threat,0.0,0.0,0.00018583906337112061,0.0,0.00018583906337112061,0.0
NestOutdoorCam,safe,0.0,0.00037167812674224123,0.0016725515703400855,0.0013008734435978444,0.001486712506968965,0.00037167812674224123
NestOutdoorCam,agreement,0.0,0.0,0.0,0.00018583906337112061,0.0,0.0
NestOutdoorCam,individual,0.0,0.00037167812674224123,0.0,0.00037167812674224123,0.0,0.00018583906337112061
NestOutdoorCam,protection,0.0,0.0,0.0011150343802267236,0.00018583906337112061,0.00037167812674224123,0.00037167812674224123
NestOutdoorCam,policy,0.0,0.0,0.00037167812674224123,0.00018583906337112061,0.0,0.0
NestOutdoorCam,advertisement,0.0,0.00018583906337112061,0.0,0.00018583906337112061,0.0,0.0
NestOutdoorCam,spy,0.0,0.0,0.0007433562534844825,0.0,0.00037167812674224123,0.0
NestOutdoorCam,uncomfortable,0.0,0.0,0.00018583906337112061,0.0,0.0,0.0
NestOutdoorCam,private,0.0,0.00018583906337112061,0.0,0.00018583906337112061,0.0,0.0
NestOutdoorCam,legal,0.0,0.0,0.00018583906337112061,0.0,0.0,0.0
NestOutdoorCam,unaware,0.0,0.0,0.0,0.0,0.00018583906337112061,0.0
NestOutdoorCam,permission,0.0,0.0,0.0,0.0,0.00018583906337112061,0.0
GoogleHomeMini,privacy,0.0,0.0,0.0,0.0013280212483399733,0.001195219123505976,0.00013280212483399734
GoogleHomeMini,law,0.0,0.0,0.0,0.0010624169986719787,0.0009296148738379814,0.00019920318725099602
GoogleHomeMini,private,0.0,0.0,0.0,0.00019920318725099602,0.00019920318725099602,0.0
GoogleHomeMini,ads,0.0,0.0,6.640106241699867e-05,6.640106241699867e-05,0.00013280212483399734,6.640106241699867e-05
GoogleHomeMini,aware,0.0,0.0,0.0,0.0002656042496679947,6.640106241699867e-05,6.640106241699867e-05
GoogleHomeMini,right,0.0,0.0,0.00019920318725099602,0.008233731739707836,0.0029216467463479417,0.0010624169986719787
GoogleHomeMini,security,0.0,0.0,0.0,0.00033200531208499334,0.0005312084993359894,0.00019920318725099602
GoogleHomeMini,data,0.0,0.0,0.0,0.0005312084993359894,0.00039840637450199205,0.00019920318725099602
GoogleHomeMini,secret,0.0,0.0,0.0,0.00039840637450199205,0.0004648074369189907,0.0002656042496679947
GoogleHomeMini,physical,0.0,0.0,0.0,0.0005312084993359894,0.00019920318725099602,0.0
GoogleHomeMini,safety,0.0,0.0,0.0,6.640106241699867e-05,0.00013280212483399734,0.0
GoogleHomeMini,individual,0.0,0.0,0.0,0.00019920318725099602,0.00033200531208499334,6.640106241699867e-05
GoogleHomeMini,safe,0.0,0.0,0.0,0.00013280212483399734,0.00013280212483399734,0.0
GoogleHomeMini,creepy,0.0,0.0,0.0,0.0002656042496679947,6.640106241699867e-05,0.0
GoogleHomeMini,track,0.0,0.0,0.0,0.0005312084993359894,0.00019920318725099602,0.0
GoogleHomeMini,cyber,0.0,0.0,0.0,0.00013280212483399734,0.0,0.0
GoogleHomeMini,policy,0.0,0.0,0.0,0.0,0.00013280212483399734,0.0
GoogleHomeMini,freedom,0.0,0.0,0.0,0.00013280212483399734,0.0,0.0
GoogleHomeMini,loss,0.0,0.0,0.0,0.00013280212483399734,0.0,0.0
GoogleHomeMini,monitor,0.0,0.0,0.0,0.00013280212483399734,0.00013280212483399734,0.0
GoogleHomeMini,third-party,0.0,0.0,0.0,0.00013280212483399734,0.0,6.640106241699867e-05
NestMini,individual,0.0,0.0,0.0,0.0,0.0,0.0005213764337851929
NestMini,security,0.0,0.0,0.0,0.0,0.0,0.0020855057351407717
NestMini,privacy,0.0,0.0,0.0,0.0010427528675703858,0.0,0.0020855057351407717
NestMini,right,0.0,0.0,0.0,0.0005213764337851929,0.0010427528675703858,0.010948905109489052
NestMini,safe,0.0,0.0,0.0,0.0,0.0,0.0005213764337851929
NestMini,law,0.0,0.0,0.0,0.0,0.0,0.0020855057351407717
NestMini,private,0.0,0.0,0.0,0.0,0.0,0.0010427528675703858
NestMini,scary,0.0,0.0,0.0,0.0,0.0,0.0005213764337851929
NestMini,fbi,0.0,0.0,0.0,0.0,0.0,0.0005213764337851929
NestMini,advertisement,0.0,0.0,0.0,0.0,0.0,0.0005213764337851929
NestMini,secure,0.0,0.0,0.0,0.0,0.0,0.0005213764337851929
NestMini,cyber,0.0,0.0,0.0,0.0,0.0,0.0005213764337851929
NestMini,ads,0.0,0.0,0.0,0.0,0.0,0.0005213764337851929
NestMini,spyware,0.0,0.0,0.0,0.0,0.0005213764337851929,0.0
NestMini,targeted,0.0,0.0,0.0,0.0,0.0005213764337851929,0.0
NestMini,track,0.0,0.0,0.0,0.0,0.0,0.0005213764337851929
NestMini,aware,0.0,0.0,0.0,0.0,0.0,0.0010427528675703858
NestMini,damage,0.0,0.0,0.0,0.0,0.0005213764337851929,0.0
NestMini,spy,0.0,0.0,0.0,0.0,0.0,0.0010427528675703858
NestMini,fear,0.0,0.0,0.0,0.0,0.0,0.0005213764337851929
NestMini,secret,0.0,0.0,0.0,0.0,0.0,0.0005213764337851929
EchoShow,security,0.0,5.959475566150179e-05,0.00011918951132300358,0.001132300357568534,0.006734207389749702,0.017759237187127533
EchoShow,safe,0.0,0.0,0.0,0.0,0.0002979737783075089,0.0010727056019070322
EchoShow,right,0.0,0.0,0.00017878426698450536,0.002026221692491061,0.009892729439809296,0.019308700834326578
EchoShow,privacy,0.0,0.0,0.0,0.00011918951132300358,0.0021454112038140644,0.007032181168057211
EchoShow,protection,0.0,0.0,0.0,5.959475566150179e-05,0.00011918951132300358,0.0002979737783075089
EchoShow,spy,0.0,0.0,0.0,0.0,0.0,0.00017878426698450536
EchoShow,monitor,0.0,0.0,0.00011918951132300358,0.0005363528009535161,0.0017282479141835518,0.0059594755661501785
EchoShow,data,0.0,0.0,0.0,0.00017878426698450536,0.0005363528009535161,0.0007151370679380214
EchoShow,ads,0.0,0.0,5.959475566150179e-05,5.959475566150179e-05,0.0011918951132300357,0.002443384982121573
EchoShow,physical,0.0,0.0,0.0,0.00011918951132300358,0.0005363528009535161,0.002205005959475566
EchoShow,virus,0.0,0.0,0.0,0.0,5.959475566150179e-05,0.0003575685339690107
EchoShow,track,0.0,0.0,0.0,0.0,0.0004767580452920143,0.0013706793802145411
EchoShow,law,0.0,0.0,0.0,0.0,0.0002979737783075089,0.0013110846245530394
EchoShow,aware,0.0,0.0,0.0,0.00017878426698450536,0.0008939213349225268,0.0014302741358760429
EchoShow,surveillance,0.0,0.0,0.0,5.959475566150179e-05,0.00023837902264600716,0.0006555423122765197
EchoShow,government,0.0,0.0,0.0,0.0,0.0,0.00011918951132300358
EchoShow,individual,0.0,0.0,0.0,0.0,0.0004767580452920143,0.0006555423122765197
EchoShow,safety,0.0,0.0,5.959475566150179e-05,0.0,0.00017878426698450536,0.0007747318235995233
EchoShow,storage,0.0,0.0,0.0,5.959475566150179e-05,0.00011918951132300358,0.0003575685339690107
EchoShow,third-party,0.0,0.0,0.0,0.0,5.959475566150179e-05,0.00017878426698450536
EchoShow,advertisement,0.0,0.0,0.0,0.0,0.0004171632896305125,0.0004767580452920143
EchoShow,creepy,0.0,0.0,0.0,0.0,0.00017878426698450536,0.00017878426698450536
EchoShow,damage,0.0,0.0,0.0,0.0,0.00011918951132300358,0.00017878426698450536
EchoShow,secure,0.0,0.0,0.0,0.0,0.0003575685339690107,0.0003575685339690107
EchoShow,policy,0.0,0.0,0.0,0.0,0.00017878426698450536,0.00017878426698450536
EchoShow,cyber,0.0,0.0,0.0,0.00011918951132300358,0.0002979737783075089,0.00017878426698450536
EchoShow,freedom,0.0,0.0,0.0,0.0,5.959475566150179e-05,0.00017878426698450536
EchoShow,loss,0.0,0.0,0.0,0.0,0.0003575685339690107,0.00017878426698450536
EchoShow,private,0.0,0.0,0.0,0.0,5.959475566150179e-05,0.0006555423122765197
EchoShow,targeted,0.0,0.0,0.0,0.0,0.0,0.00011918951132300358
EchoShow,permission,0.0,0.0,0.0,0.0,5.959475566150179e-05,0.0003575685339690107
EchoShow,scary,0.0,0.0,0.0,0.0,5.959475566150179e-05,0.00023837902264600716
EchoShow,uncomfortable,0.0,0.0,0.0,0.0,0.00011918951132300358,5.959475566150179e-05
EchoShow,hack,0.0,0.0,0.0,0.0,0.0,0.00011918951132300358
EchoShow,police,0.0,0.0,0.0,0.0,0.0,0.00011918951132300358
EchoShow,fear,0.0,0.0,0.0,0.0,0.0,0.00023837902264600716
RingFloodlightCam,police,0.0,0.0,0.000686530275985171,0.000686530275985171,0.001373060551970342,0.000686530275985171
RingFloodlightCam,security,0.0,0.0001373060551970342,0.013867911574900454,0.026774680763421668,0.05286283125085816,0.044487161883839076
RingFloodlightCam,monitor,0.0,0.0,0.0016476726623644103,0.002746121103940684,0.005492242207881368,0.004805711931896196
RingFloodlightCam,track,0.0,0.0,0.0002746121103940684,0.0001373060551970342,0.0012357544967733078,0.0002746121103940684
RingFloodlightCam,right,0.0,0.0,0.0032953453247288205,0.004943017987093231,0.0074145269806398465,0.0046684058766991625
RingFloodlightCam,storage,0.0,0.0,0.001510366607167376,0.0008238363311822051,0.0023342029383495813,0.001373060551970342
RingFloodlightCam,secure,0.0,0.0,0.001373060551970342,0.0026088150487436497,0.0038445695455169575,0.003569957435122889
RingFloodlightCam,license,0.0,0.0,0.0005492242207881368,0.0012357544967733078,0.001373060551970342,0.0008238363311822051
RingFloodlightCam,safety,0.0,0.0001373060551970342,0.0005492242207881368,0.001510366607167376,0.0032953453247288205,0.002746121103940684
RingFloodlightCam,individual,0.0,0.0,0.0,0.0,0.0005492242207881368,0.0
RingFloodlightCam,crime,0.0,0.0,0.00041191816559110257,0.0001373060551970342,0.0009611423863792394,0.0005492242207881368
RingFloodlightCam,safe,0.0,0.0,0.00041191816559110257,0.0026088150487436497,0.00590416037347247,0.0037072634903199233
RingFloodlightCam,surveillance,0.0,0.0,0.0012357544967733078,0.0012357544967733078,0.001510366607167376,0.0019222847727584787
RingFloodlightCam,physical,0.0,0.0,0.0002746121103940684,0.0005492242207881368,0.0002746121103940684,0.0001373060551970342
RingFloodlightCam,privacy,0.0,0.0,0.0002746121103940684,0.0002746121103940684,0.0005492242207881368,0.0002746121103940684
RingFloodlightCam,aware,0.0,0.0,0.0005492242207881368,0.0008238363311822051,0.001373060551970342,0.001373060551970342
RingFloodlightCam,protection,0.0,0.0,0.0002746121103940684,0.001373060551970342,0.0026088150487436497,0.003020733214334752
RingFloodlightCam,data,0.0,0.0,0.0002746121103940684,0.0001373060551970342,0.000686530275985171,0.0012357544967733078
RingFloodlightCam,ads,0.0,0.0,0.0,0.0001373060551970342,0.0002746121103940684,0.0001373060551970342
RingFloodlightCam,policy,0.0,0.0,0.0,0.0001373060551970342,0.0001373060551970342,0.0001373060551970342
RingFloodlightCam,advertisement,0.0,0.0,0.0,0.0002746121103940684,0.0001373060551970342,0.0
RingFloodlightCam,creepy,0.0,0.0,0.0,0.0,0.0001373060551970342,0.0
RingFloodlightCam,cyber,0.0,0.0,0.0,0.0,0.0,0.0002746121103940684
RingFloodlightCam,private,0.0,0.0,0.0,0.0,0.000686530275985171,0.0001373060551970342
RingFloodlightCam,firewall,0.0,0.0,0.0001373060551970342,0.0001373060551970342,0.0001373060551970342,0.0001373060551970342
RingFloodlightCam,insurance,0.0,0.0,0.0,0.0,0.0002746121103940684,0.0001373060551970342
RingFloodlightCam,fear,0.0,0.0,0.0,0.0,0.0,0.0001373060551970342
RingFloodlightCam,hack,0.0,0.0,0.0001373060551970342,0.0,0.0002746121103940684,0.0
RingFloodlightCam,intrusion,0.0,0.0,0.0,0.0002746121103940684,0.0,0.0
RingFloodlightCam,unaware,0.0,0.0,0.0,0.0,0.0001373060551970342,0.0
RingFloodlightCam,law,0.0,0.0,0.0,0.0002746121103940684,0.0002746121103940684,0.0008238363311822051
RingFloodlightCam,uncomfortable,0.0,0.0,0.0,0.0001373060551970342,0.0,0.0
RingFloodlightCam,secret,0.0,0.0,0.0,0.0,0.0001373060551970342,0.0
RingFloodlightCam,loss,0.0,0.0,0.0,0.0,0.0,0.0002746121103940684
RingFloodlightCam,government,0.0,0.0,0.0,0.0,0.0001373060551970342,0.0002746121103940684
RingFloodlightCam,virus,0.0,0.0,0.0001373060551970342,0.0,0.0,0.0
RingFloodlightCam,permission,0.0,0.0,0.0001373060551970342,0.0,0.0001373060551970342,0.0
RingFloodlightCam,spy,0.0,0.0,0.0,0.0001373060551970342,0.0,0.0
RingFloodlightCam,legal,0.0,0.0,0.0001373060551970342,0.0,0.0,0.0
RingFloodlightCam,damage,0.0,0.0,0.0,0.0,0.0002746121103940684,0.0
RingFloodlightCam,threat,0.0,0.0,0.0,0.0,0.0,0.0001373060551970342
RingFloodlightCam,agreement,0.0,0.0,0.0,0.0,0.0,0.0001373060551970342
RingFloodlightCam,unusual,0.0,0.0,0.0,0.0001373060551970342,0.0,0.0
RingVideoDoorbell,security,0.0031394156842644797,0.009674525884161967,0.01428754484879549,0.021527421834956432,0.03293182983085597,0.029664274730907228
RingVideoDoorbell,creepy,6.406970784213224e-05,6.406970784213224e-05,0.00025627883136852895,0.00012813941568426448,0.00012813941568426448,6.406970784213224e-05
RingVideoDoorbell,privacy,0.00012813941568426448,0.00038441824705279346,0.00025627883136852895,0.0005125576627370579,0.0008969759097898514,0.0012813941568426447
RingVideoDoorbell,storage,0.0008969759097898514,0.002947206560738083,0.0028190671450538185,0.004100461301896463,0.005574064582265505,0.0027549974372116865
RingVideoDoorbell,right,0.002370579190158893,0.004869297796002051,0.006278831368528959,0.009226037929267043,0.015120451050743208,0.011019989748846746
RingVideoDoorbell,protection,0.00019220912352639673,0.00025627883136852895,0.0003203485392106612,0.001345463864684777,0.0023065094823167607,0.0028190671450538185
RingVideoDoorbell,monitor,0.00038441824705279346,0.001345463864684777,0.002178370066632496,0.002626858021527422,0.005317785750896976,0.0033316248077908763
RingVideoDoorbell,track,0.0,0.0004484879548949257,0.0006406970784213224,0.0009610456176319836,0.001345463864684777,0.0008329062019477191
RingVideoDoorbell,aware,0.00019220912352639673,0.0007047667862634546,0.0016658124038954382,0.0012173244490005126,0.0035238339313172734,0.0014095335725269093
RingVideoDoorbell,license,0.0,6.406970784213224e-05,0.00012813941568426448,0.0003203485392106612,0.0003203485392106612,0.00012813941568426448
RingVideoDoorbell,permission,0.0,6.406970784213224e-05,0.0,6.406970784213224e-05,0.00019220912352639673,6.406970784213224e-05
RingVideoDoorbell,spy,0.0,0.0,0.0,0.00019220912352639673,0.00019220912352639673,0.00012813941568426448
RingVideoDoorbell,police,0.00025627883136852895,0.0008329062019477191,0.0007047667862634546,0.0014095335725269093,0.0020502306509482316,0.0012173244490005126
RingVideoDoorbell,damage,0.0,6.406970784213224e-05,0.0,0.00025627883136852895,6.406970784213224e-05,0.00025627883136852895
RingVideoDoorbell,secure,0.00025627883136852895,0.0006406970784213224,0.0014095335725269093,0.0016658124038954382,0.0032675550999487443,0.004036391594054331
RingVideoDoorbell,data,0.00012813941568426448,0.0006406970784213224,0.0006406970784213224,0.0007688364941055869,0.0010251153254741158,0.0008969759097898514
RingVideoDoorbell,crime,0.00012813941568426448,0.0,6.406970784213224e-05,0.0007688364941055869,0.001601742696053306,0.0005766273705791902
RingVideoDoorbell,safe,0.0,0.0005125576627370579,0.0012813941568426447,0.0011532547411583804,0.004228600717580728,0.005638134290107637
RingVideoDoorbell,safety,0.0003203485392106612,0.0007047667862634546,0.0012813941568426447,0.0015376729882111738,0.003395694515633009,0.0035238339313172734
RingVideoDoorbell,policy,6.406970784213224e-05,0.0,0.00012813941568426448,0.0003203485392106612,0.0004484879548949257,0.0004484879548949257
RingVideoDoorbell,surveillance,6.406970784213224e-05,0.00038441824705279346,0.0010251153254741158,0.0008969759097898514,0.0016658124038954382,0.0009610456176319836
RingVideoDoorbell,individual,0.00019220912352639673,0.00019220912352639673,0.0,0.0003203485392106612,0.00025627883136852895,0.00019220912352639673
RingVideoDoorbell,loss,0.0,0.00019220912352639673,0.00025627883136852895,0.0003203485392106612,0.0005766273705791902,0.00025627883136852895
RingVideoDoorbell,insurance,0.0,6.406970784213224e-05,6.406970784213224e-05,6.406970784213224e-05,0.00025627883136852895,0.00012813941568426448
RingVideoDoorbell,private,0.00012813941568426448,0.0,0.0,0.00012813941568426448,0.0003203485392106612,0.00019220912352639673
RingVideoDoorbell,unaware,0.0,0.0,6.406970784213224e-05,6.406970784213224e-05,0.0003203485392106612,0.00012813941568426448
RingVideoDoorbell,cyber,0.0,0.0,0.0,0.00025627883136852895,0.0003203485392106612,0.00019220912352639673
RingVideoDoorbell,ads,0.0,0.00012813941568426448,0.00025627883136852895,0.00038441824705279346,0.0004484879548949257,0.00019220912352639673
RingVideoDoorbell,firewall,6.406970784213224e-05,6.406970784213224e-05,6.406970784213224e-05,0.00012813941568426448,0.00012813941568426448,6.406970784213224e-05
RingVideoDoorbell,scary,0.0,6.406970784213224e-05,6.406970784213224e-05,0.00019220912352639673,0.00025627883136852895,0.00019220912352639673
RingVideoDoorbell,physical,0.00019220912352639673,0.00038441824705279346,0.0007047667862634546,0.0004484879548949257,0.0007047667862634546,0.00019220912352639673
RingVideoDoorbell,harm,0.0,0.00012813941568426448,0.0,6.406970784213224e-05,0.0,0.0
RingVideoDoorbell,law,6.406970784213224e-05,0.00012813941568426448,0.00025627883136852895,0.00038441824705279346,0.001089185033316248,0.0005766273705791902
RingVideoDoorbell,unauthorized,0.0,0.0,0.0,6.406970784213224e-05,0.00019220912352639673,0.0
RingVideoDoorbell,fear,0.0,0.00012813941568426448,0.00012813941568426448,6.406970784213224e-05,6.406970784213224e-05,0.00012813941568426448
RingVideoDoorbell,unusual,0.0,0.0,0.00012813941568426448,0.00012813941568426448,6.406970784213224e-05,0.0
RingVideoDoorbell,hack,0.0,6.406970784213224e-05,6.406970784213224e-05,0.00012813941568426448,6.406970784213224e-05,0.0
RingVideoDoorbell,threat,0.0,0.0,0.0,6.406970784213224e-05,0.0,0.00012813941568426448
RingVideoDoorbell,freedom,6.406970784213224e-05,0.00012813941568426448,6.406970784213224e-05,0.0,0.0,6.406970784213224e-05
RingVideoDoorbell,advertisement,0.0,0.00012813941568426448,6.406970784213224e-05,0.0,6.406970784213224e-05,0.00012813941568426448
RingVideoDoorbell,third-party,0.0,0.0,0.00012813941568426448,0.0,0.0,0.0
RingStickUpCam,safety,0.0,0.0,0.0,0.0006325110689437065,0.001265022137887413,0.003795066413662239
RingStickUpCam,security,0.0,0.0,0.001265022137887413,0.0018975332068311196,0.01265022137887413,0.09329538266919671
RingStickUpCam,storage,0.0,0.0,0.00031625553447185326,0.0,0.0006325110689437065,0.0028462998102466793
RingStickUpCam,aware,0.0,0.0,0.0,0.00031625553447185326,0.0015812776723592662,0.0028462998102466793
RingStickUpCam,secure,0.0,0.0,0.0,0.0,0.001265022137887413,0.004427577482605946
RingStickUpCam,ads,0.0,0.0,0.0,0.0,0.00031625553447185326,0.0009487666034155598
RingStickUpCam,monitor,0.0,0.0,0.00031625553447185326,0.0,0.004427577482605946,0.017710309930423784
RingStickUpCam,privacy,0.0,0.0,0.0,0.0,0.001265022137887413,0.004427577482605946
RingStickUpCam,safe,0.0,0.0,0.0,0.0,0.0,0.006325110689437065
RingStickUpCam,police,0.0,0.0,0.0,0.0,0.0006325110689437065,0.00031625553447185326
RingStickUpCam,right,0.0,0.0,0.00031625553447185326,0.0,0.0056925996204933585,0.02024035420619861
RingStickUpCam,crime,0.0,0.0,0.0,0.0,0.00031625553447185326,0.0018975332068311196
RingStickUpCam,law,0.0,0.0,0.0,0.0,0.0,0.0006325110689437065
RingStickUpCam,protection,0.0,0.0,0.0,0.00031625553447185326,0.0006325110689437065,0.005376344086021506
RingStickUpCam,track,0.0,0.0,0.0,0.0,0.0,0.0015812776723592662
RingStickUpCam,surveillance,0.0,0.0,0.0,0.0,0.00031625553447185326,0.005376344086021506
RingStickUpCam,spy,0.0,0.0,0.0,0.0,0.0,0.002213788741302973
RingStickUpCam,unusual,0.0,0.0,0.0,0.0,0.00031625553447185326,0.0
RingStickUpCam,hack,0.0,0.0,0.0,0.0,0.0,0.00031625553447185326
RingStickUpCam,private,0.0,0.0,0.0,0.0,0.00031625553447185326,0.0006325110689437065
RingStickUpCam,breach,0.0,0.0,0.0,0.0,0.0,0.00031625553447185326
RingStickUpCam,firewall,0.0,0.0,0.0,0.0,0.0006325110689437065,0.0006325110689437065
RingStickUpCam,threat,0.0,0.0,0.0,0.0,0.00031625553447185326,0.0
RingStickUpCam,loss,0.0,0.0,0.0,0.0,0.0,0.0006325110689437065
RingStickUpCam,agreement,0.0,0.0,0.0,0.0,0.0,0.00031625553447185326
RingStickUpCam,individual,0.0,0.0,0.0,0.0,0.0006325110689437065,0.0
RingStickUpCam,license,0.0,0.0,0.0,0.0,0.0,0.0009487666034155598
RingStickUpCam,physical,0.0,0.0,0.0,0.0,0.0,0.00031625553447185326
RingStickUpCam,fear,0.0,0.0,0.0,0.0,0.00031625553447185326,0.0006325110689437065
RingStickUpCam,permission,0.0,0.0,0.0,0.0,0.0,0.00031625553447185326
RingStickUpCam,data,0.0,0.0,0.0,0.0,0.0,0.001265022137887413
RingStickUpCam,policy,0.0,0.0,0.0,0.0,0.0,0.00031625553447185326
RingStickUpCam,freedom,0.0,0.0,0.0,0.0,0.0,0.00031625553447185326
RingStickUpCam,damage,0.0,0.0,0.0,0.0,0.0,0.0006325110689437065
RingStickUpCam,advertisement,0.0,0.0,0.0,0.0,0.0,0.00031625553447185326
EchoDot,nsa,0.0,0.0,0.0,0.0,0.00016129032258064516,0.00016129032258064516
EchoDot,right,0.0,0.00016129032258064516,0.00016129032258064516,0.002903225806451613,0.017419354838709676,0.03209677419354839
EchoDot,secure,0.0,0.0,0.0,0.0003225806451612903,0.0006451612903225806,0.0006451612903225806
EchoDot,privacy,0.0,0.0,0.0,0.0003225806451612903,0.008064516129032258,0.01096774193548387
EchoDot,physical,0.0,0.0,0.0,0.0004838709677419355,0.0011290322580645162,0.002096774193548387
EchoDot,aware,0.0,0.0,0.0,0.0003225806451612903,0.0024193548387096775,0.0024193548387096775
EchoDot,individual,0.0,0.0,0.0,0.0003225806451612903,0.0014516129032258066,0.001935483870967742
EchoDot,security,0.0,0.0,0.00016129032258064516,0.0006451612903225806,0.006290322580645161,0.011774193548387097
EchoDot,data,0.0,0.0,0.0,0.0,0.0011290322580645162,0.002903225806451613
EchoDot,monitor,0.0,0.0,0.0,0.0,0.0006451612903225806,0.000967741935483871
EchoDot,unusual,0.0,0.0,0.0,0.0,0.00016129032258064516,0.0004838709677419355
EchoDot,track,0.0,0.0,0.0,0.00016129032258064516,0.0022580645161290325,0.0024193548387096775
EchoDot,safe,0.0,0.0,0.0,0.0,0.0006451612903225806,0.002096774193548387
EchoDot,creepy,0.0,0.0,0.0,0.0,0.0004838709677419355,0.001935483870967742
EchoDot,law,0.0,0.00016129032258064516,0.0,0.00016129032258064516,0.0004838709677419355,0.0014516129032258066
EchoDot,hack,0.0,0.0,0.0,0.0,0.0,0.0003225806451612903
EchoDot,third-party,0.0,0.0,0.0,0.0,0.0004838709677419355,0.0004838709677419355
EchoDot,intrusion,0.0,0.0,0.0,0.0,0.0003225806451612903,0.00016129032258064516
EchoDot,scary,0.0,0.0,0.0,0.0,0.00016129032258064516,0.0012903225806451613
EchoDot,spy,0.0,0.0,0.0,0.0,0.0004838709677419355,0.000967741935483871
EchoDot,fear,0.0,0.0,0.0,0.0,0.0006451612903225806,0.0011290322580645162
EchoDot,private,0.0,0.0,0.0,0.0,0.0003225806451612903,0.0016129032258064516
EchoDot,firewall,0.0,0.0,0.0,0.00016129032258064516,0.0,0.0003225806451612903
EchoDot,permission,0.0,0.0,0.0,0.0,0.0004838709677419355,0.00016129032258064516
EchoDot,loss,0.0,0.0,0.0,0.00016129032258064516,0.0006451612903225806,0.0008064516129032258
EchoDot,storage,0.0,0.0,0.0,0.00016129032258064516,0.0004838709677419355,0.0
EchoDot,secret,0.0,0.0,0.0,0.0,0.00016129032258064516,0.0006451612903225806
EchoDot,police,0.0,0.0,0.0,0.0,0.0,0.0004838709677419355
EchoDot,protection,0.0,0.0,0.0,0.0,0.0003225806451612903,0.0003225806451612903
EchoDot,cyber,0.0,0.0,0.0,0.0004838709677419355,0.0008064516129032258,0.0008064516129032258
EchoDot,damage,0.0,0.0,0.0,0.00016129032258064516,0.0003225806451612903,0.00016129032258064516
EchoDot,safety,0.0,0.0,0.0,0.0,0.0003225806451612903,0.0012903225806451613
EchoDot,threat,0.0,0.0,0.0,0.0,0.0,0.00016129032258064516
EchoDot,violation,0.0,0.0,0.0,0.0,0.0,0.00016129032258064516
EchoDot,violate,0.0,0.0,0.0,0.0,0.0,0.00016129032258064516
EchoDot,surveillance,0.0,0.0,0.0,0.0,0.0,0.0003225806451612903
EchoDot,unaware,0.0,0.0,0.0,0.0,0.00016129032258064516,0.0
EchoDot,uncomfortable,0.0,0.0,0.0,0.0,0.00016129032258064516,0.0003225806451612903
EchoDot,policy,0.0,0.0,0.0,0.0,0.000967741935483871,0.0006451612903225806
EchoDot,confidential,0.0,0.0,0.0,0.0,0.00016129032258064516,0.0
EchoDot,ads,0.0,0.0,0.0,0.0,0.0004838709677419355,0.0011290322580645162
EchoDot,government,0.0,0.0,0.0,0.0,0.0003225806451612903,0.0012903225806451613
EchoDot,targeted,0.0,0.0,0.0,0.0,0.0,0.00016129032258064516
EchoDot,abuse,0.0,0.0,0.0,0.0,0.00016129032258064516,0.0
EchoDot,freedom,0.0,0.0,0.0,0.0,0.00016129032258064516,0.00016129032258064516
EchoDot,insurance,0.0,0.0,0.0,0.0,0.0003225806451612903,0.0003225806451612903
EchoDot,tos,0.0,0.0,0.0,0.0,0.0,0.00016129032258064516
EchoDot,invasive,0.0,0.0,0.0,0.0,0.00016129032258064516,0.00016129032258064516
EchoDot,legal,0.0,0.0,0.0,0.0,0.00016129032258064516,0.0003225806451612903
EchoDot,virus,0.0,0.0,0.0,0.0,0.00016129032258064516,0.00016129032258064516
EchoDot,ethic,0.0,0.0,0.0,0.0,0.0,0.00016129032258064516
EchoDot,agreement,0.0,0.0,0.0,0.0,0.00016129032258064516,0.0
EchoDot,breach,0.0,0.0,0.0,0.0,0.00016129032258064516,0.0
EchoDot,harm,0.0,0.0,0.0,0.0,0.0,0.00016129032258064516
ArloPro,security,0.0,0.0031832651205093224,0.08344702137335153,0.03819918144611187,0.023419736243747158,0.01386994088221919
ArloPro,right,0.0,0.001364256480218281,0.022964984083674398,0.008185538881309686,0.005911778080945885,0.0009095043201455207
ArloPro,protection,0.0,0.00022737608003638017,0.0018190086402910413,0.0006821282401091405,0.0020463847203274215,0.0
ArloPro,monitor,0.0,0.00045475216007276033,0.013642564802182811,0.007048658481127785,0.0034106412005457027,0.0015916325602546612
ArloPro,track,0.0,0.0,0.0009095043201455207,0.001136880400181901,0.0,0.00022737608003638017
ArloPro,law,0.0,0.0,0.00045475216007276033,0.0006821282401091405,0.0006821282401091405,0.00045475216007276033
ArloPro,storage,0.0,0.001364256480218281,0.022282855843565257,0.007048658481127785,0.0015916325602546612,0.0015916325602546612
ArloPro,safe,0.0,0.0,0.0020463847203274215,0.0020463847203274215,0.0020463847203274215,0.0006821282401091405
ArloPro,safety,0.0,0.0,0.0018190086402910413,0.001364256480218281,0.00045475216007276033,0.00045475216007276033
ArloPro,data,0.0,0.0,0.002273760800363802,0.0006821282401091405,0.00022737608003638017,0.00022737608003638017
ArloPro,individual,0.0,0.00022737608003638017,0.0025011368804001817,0.0015916325602546612,0.0006821282401091405,0.00022737608003638017
ArloPro,surveillance,0.0,0.00022737608003638017,0.0068212824010914054,0.0025011368804001817,0.001364256480218281,0.0006821282401091405
ArloPro,secure,0.0,0.0,0.005229649840836744,0.003865393360618463,0.0029558890404729424,0.00045475216007276033
ArloPro,license,0.0,0.0,0.004320145520691224,0.0015916325602546612,0.00045475216007276033,0.0
ArloPro,police,0.0,0.00022737608003638017,0.0031832651205093224,0.0015916325602546612,0.0006821282401091405,0.00022737608003638017
ArloPro,policy,0.0,0.0,0.00022737608003638017,0.0006821282401091405,0.00022737608003638017,0.00022737608003638017
ArloPro,unauthorized,0.0,0.0,0.0,0.0,0.0,0.00022737608003638017
ArloPro,creepy,0.0,0.0,0.0,0.00022737608003638017,0.00022737608003638017,0.0
ArloPro,ads,0.0,0.0,0.00022737608003638017,0.00022737608003638017,0.0,0.00022737608003638017
ArloPro,unusual,0.0,0.0,0.00022737608003638017,0.00022737608003638017,0.00045475216007276033,0.0
ArloPro,aware,0.0,0.0,0.001136880400181901,0.0009095043201455207,0.001136880400181901,0.00022737608003638017
ArloPro,privacy,0.0,0.0,0.0009095043201455207,0.0009095043201455207,0.0009095043201455207,0.0
ArloPro,hack,0.0,0.0,0.00022737608003638017,0.00045475216007276033,0.0,0.0
ArloPro,advertisement,0.0,0.0,0.0,0.00022737608003638017,0.00045475216007276033,0.0
ArloPro,loss,0.0,0.0,0.00045475216007276033,0.0,0.00022737608003638017,0.0
ArloPro,freedom,0.0,0.00022737608003638017,0.0006821282401091405,0.00022737608003638017,0.0,0.0
ArloPro,private,0.0,0.00022737608003638017,0.00022737608003638017,0.0,0.0,0.00022737608003638017
ArloPro,damage,0.0,0.0,0.001136880400181901,0.0,0.0,0.0
ArloPro,third-party,0.0,0.0,0.00022737608003638017,0.0,0.0,0.0
ArloPro,cyber,0.0,0.0,0.00022737608003638017,0.00022737608003638017,0.00022737608003638017,0.0
ArloPro,threat,0.0,0.0,0.0,0.0,0.00022737608003638017,0.0
ArloPro,physical,0.0,0.00022737608003638017,0.0009095043201455207,0.00022737608003638017,0.00022737608003638017,0.0
ArloPro,fear,0.0,0.0,0.0,0.00022737608003638017,0.0,0.0
ArloPro,crime,0.0,0.0,0.0009095043201455207,0.0,0.0,0.0
ArloPro,legal,0.0,0.0,0.0,0.00022737608003638017,0.0,0.0
ArloPro,government,0.0,0.0,0.00022737608003638017,0.0,0.0,0.0
ArloPro,leak,0.0,0.00022737608003638017,0.0,0.0,0.00022737608003638017,0.0
ArloPro,spy,0.0,0.0,0.0006821282401091405,0.0,0.0,0.00045475216007276033
ArloPro,insurance,0.0,0.0,0.00045475216007276033,0.0,0.00022737608003638017,0.0
ArloPro,unaware,0.0,0.0,0.0,0.00022737608003638017,0.0,0.0
ArloPro,scary,0.0,0.0,0.00022737608003638017,0.0,0.0,0.0
ArloPro,intrusion,0.0,0.0,0.00045475216007276033,0.0,0.0,0.0
ArloPro,breach,0.0,0.0,0.00022737608003638017,0.0,0.0,0.0
ArloPro,firewall,0.0,0.0,0.00022737608003638017,0.0,0.0,0.0
NestThermostat,data,7.64525993883792e-05,0.0006880733944954129,0.0006880733944954129,0.0008409785932721712,0.0006116207951070336,0.0009938837920489296
NestThermostat,right,0.0008409785932721712,0.004357798165137615,0.005581039755351682,0.0051223241590214064,0.005045871559633028,0.003975535168195718
NestThermostat,physical,0.0,0.00022935779816513763,0.0001529051987767584,0.0001529051987767584,0.0003058103975535168,0.0003058103975535168
NestThermostat,track,0.0001529051987767584,0.0017584097859327217,0.0016819571865443425,0.0015290519877675841,0.0014525993883792048,0.0007645259938837921
NestThermostat,monitor,0.0005351681957186544,0.0038990825688073397,0.00382262996941896,0.0034403669724770644,0.0021406727828746177,0.002522935779816514
NestThermostat,security,7.64525993883792e-05,0.0006880733944954129,0.0015290519877675841,0.0009938837920489296,0.0007645259938837921,0.0005351681957186544
NestThermostat,loss,0.0,0.0001529051987767584,7.64525993883792e-05,0.0001529051987767584,7.64525993883792e-05,0.0
NestThermostat,protection,7.64525993883792e-05,0.0,7.64525993883792e-05,0.0,0.0001529051987767584,0.0001529051987767584
NestThermostat,individual,7.64525993883792e-05,0.00022935779816513763,0.0001529051987767584,0.0001529051987767584,7.64525993883792e-05,0.0001529051987767584
NestThermostat,aware,0.0,0.0007645259938837921,0.0005351681957186544,0.0005351681957186544,0.0006880733944954129,0.00022935779816513763
NestThermostat,fear,7.64525993883792e-05,7.64525993883792e-05,0.0,0.0001529051987767584,7.64525993883792e-05,0.0001529051987767584
NestThermostat,law,0.0,0.0001529051987767584,7.64525993883792e-05,0.0001529051987767584,7.64525993883792e-05,0.0001529051987767584
NestThermostat,safe,0.0001529051987767584,0.0001529051987767584,0.0001529051987767584,0.00038226299694189603,0.00022935779816513763,0.00045871559633027525
NestThermostat,safety,7.64525993883792e-05,0.00022935779816513763,7.64525993883792e-05,0.0001529051987767584,0.0001529051987767584,0.0001529051987767584
NestThermostat,unusual,0.0,0.00022935779816513763,0.0,0.0001529051987767584,7.64525993883792e-05,7.64525993883792e-05
NestThermostat,uncomfortable,0.0001529051987767584,0.0,0.00022935779816513763,0.0001529051987767584,0.0001529051987767584,0.00022935779816513763
NestThermostat,unaware,0.0,7.64525993883792e-05,0.0,0.0001529051987767584,0.0,0.0
NestThermostat,damage,7.64525993883792e-05,0.0001529051987767584,0.00038226299694189603,0.0007645259938837921,0.0003058103975535168,0.0001529051987767584
NestThermostat,secure,0.0,0.0003058103975535168,7.64525993883792e-05,7.64525993883792e-05,0.00038226299694189603,0.0
NestThermostat,ads,7.64525993883792e-05,0.00022935779816513763,0.0,0.0,0.0,0.0
NestThermostat,privacy,0.0,0.0001529051987767584,0.0001529051987767584,0.0003058103975535168,0.0,0.0006116207951070336
NestThermostat,creepy,0.0,7.64525993883792e-05,0.00022935779816513763,0.0,7.64525993883792e-05,0.0
NestThermostat,policy,0.0,0.0,0.0,7.64525993883792e-05,0.0001529051987767584,0.00022935779816513763
NestThermostat,third-party,0.0001529051987767584,0.0,0.0,0.0,0.0,0.0
Homepod,aware,0.0,0.0,0.0,0.0002460024600246002,0.0002460024600246002,0.0014760147601476014
Homepod,scary,0.0,0.0,0.0,0.0,0.0,0.0002460024600246002
Homepod,right,0.0,0.0,0.0002460024600246002,0.0017220172201722018,0.005904059040590406,0.008364083640836408
Homepod,safe,0.0,0.0,0.0002460024600246002,0.0,0.0,0.0
Homepod,data,0.0,0.0,0.0,0.0002460024600246002,0.0007380073800738007,0.0002460024600246002
Homepod,security,0.0,0.0,0.0,0.0004920049200492004,0.0012300123001230013,0.0009840098400984009
Homepod,physical,0.0,0.0,0.0,0.0002460024600246002,0.0,0.0009840098400984009
Homepod,storage,0.0,0.0,0.0,0.0,0.0,0.0002460024600246002
Homepod,unaware,0.0,0.0,0.0002460024600246002,0.0,0.0002460024600246002,0.0
Homepod,individual,0.0,0.0,0.0002460024600246002,0.0,0.0002460024600246002,0.0004920049200492004
Homepod,fear,0.0,0.0,0.0,0.0,0.0,0.0004920049200492004
Homepod,monitor,0.0,0.0,0.0,0.0,0.0002460024600246002,0.0002460024600246002
Homepod,track,0.0,0.0,0.0,0.0,0.0004920049200492004,0.0002460024600246002
Homepod,privacy,0.0,0.0,0.0,0.0004920049200492004,0.005412054120541206,0.010332103321033211
Homepod,spyware,0.0,0.0,0.0,0.0,0.0,0.0002460024600246002
Homepod,ads,0.0,0.0,0.0,0.0,0.0,0.0002460024600246002
Homepod,safety,0.0,0.0,0.0,0.0,0.0,0.0002460024600246002
Homepod,third-party,0.0,0.0,0.0,0.0,0.0002460024600246002,0.0004920049200492004
Homepod,secure,0.0,0.0,0.0,0.0,0.0,0.0002460024600246002
Homepod,law,0.0,0.0,0.0,0.0002460024600246002,0.0002460024600246002,0.0
Homepod,secret,0.0,0.0,0.0,0.0,0.0002460024600246002,0.0
Homepod,spy,0.0,0.0,0.0,0.0,0.0002460024600246002,0.0
Homepod,damage,0.0,0.0,0.0,0.0002460024600246002,0.0,0.0
EchoFlex,right,0.0,0.0,0.00041597337770382697,0.0,0.005823627287853577,0.028286189683860232
EchoFlex,safety,0.0,0.0,0.0,0.0,0.0006239600665557404,0.0033277870216306157
EchoFlex,security,0.0,0.0,0.0,0.0,0.0014559068219633944,0.004159733777038269
EchoFlex,loss,0.0,0.0,0.0,0.0,0.00020798668885191348,0.0016638935108153079
EchoFlex,aware,0.0,0.0,0.0,0.0,0.00020798668885191348,0.0024958402662229617
EchoFlex,third-party,0.0,0.0,0.0,0.0,0.00041597337770382697,0.00041597337770382697
EchoFlex,privacy,0.0,0.0,0.0,0.0,0.0,0.0024958402662229617
EchoFlex,protection,0.0,0.0,0.0,0.0,0.00020798668885191348,0.0
EchoFlex,individual,0.0,0.0,0.0,0.0,0.0,0.00020798668885191348
EchoFlex,monitor,0.0,0.0,0.0,0.0,0.00020798668885191348,0.0006239600665557404
EchoFlex,physical,0.0,0.0,0.0,0.0,0.00041597337770382697,0.0008319467554076539
EchoFlex,data,0.0,0.0,0.0,0.0,0.0,0.0008319467554076539
EchoFlex,damage,0.0,0.0,0.0,0.0,0.0,0.00020798668885191348
EchoFlex,secure,0.0,0.0,0.0,0.0,0.0,0.00041597337770382697
EchoFlex,hack,0.0,0.0,0.0,0.0,0.0,0.00020798668885191348
EchoFlex,unusual,0.0,0.0,0.0,0.0,0.0,0.00041597337770382697
EchoFlex,storage,0.0,0.0,0.0,0.0,0.0,0.00041597337770382697
EchoFlex,track,0.0,0.0,0.0,0.0,0.0,0.0008319467554076539
EchoFlex,safe,0.0,0.0,0.0,0.0,0.00020798668885191348,0.0012479201331114808
EchoFlex,cyber,0.0,0.0,0.0,0.0,0.0,0.00020798668885191348
EchoFlex,spy,0.0,0.0,0.0,0.0,0.0,0.00020798668885191348
EchoFlex,private,0.0,0.0,0.0,0.0,0.0,0.00020798668885191348
EchoFlex,nsa,0.0,0.0,0.0,0.0,0.0,0.00020798668885191348
EchoFlex,fear,0.0,0.0,0.0,0.0,0.0,0.00020798668885191348
EchoFlex,ads,0.0,0.0,0.0,0.0,0.0,0.00020798668885191348
EchoFlex,advertisement,0.0,0.0,0.0,0.0,0.0,0.00020798668885191348
NestVideoDoorbell,security,0.0,0.0,0.0003937007874015748,0.007874015748031496,0.029921259842519685,0.026771653543307086
NestVideoDoorbell,safe,0.0,0.0,0.0003937007874015748,0.0007874015748031496,0.004330708661417323,0.002362204724409449
NestVideoDoorbell,aware,0.0,0.0,0.0,0.0011811023622047244,0.011811023622047244,0.011023622047244094
NestVideoDoorbell,safety,0.0,0.0,0.0003937007874015748,0.0007874015748031496,0.004330708661417323,0.003543307086614173
NestVideoDoorbell,right,0.0,0.0,0.0,0.001968503937007874,0.007480314960629921,0.00905511811023622
NestVideoDoorbell,monitor,0.0,0.0,0.0,0.0015748031496062992,0.0066929133858267716,0.004330708661417323
NestVideoDoorbell,secure,0.0,0.0,0.0003937007874015748,0.0,0.003543307086614173,0.005118110236220472
NestVideoDoorbell,surveillance,0.0,0.0,0.0,0.0,0.0011811023622047244,0.0015748031496062992
NestVideoDoorbell,storage,0.0,0.0,0.0,0.0007874015748031496,0.007480314960629921,0.0011811023622047244
NestVideoDoorbell,data,0.0,0.0,0.0,0.0,0.001968503937007874,0.0007874015748031496
NestVideoDoorbell,privacy,0.0,0.0,0.0,0.0,0.0007874015748031496,0.002362204724409449
NestVideoDoorbell,crime,0.0,0.0,0.0,0.0,0.0011811023622047244,0.0
NestVideoDoorbell,track,0.0,0.0,0.0,0.0003937007874015748,0.002362204724409449,0.0015748031496062992
NestVideoDoorbell,protection,0.0,0.0,0.0,0.0,0.0003937007874015748,0.0011811023622047244
NestVideoDoorbell,fear,0.0,0.0,0.0,0.0,0.0003937007874015748,0.0
NestVideoDoorbell,physical,0.0,0.0,0.0,0.0,0.0007874015748031496,0.0003937007874015748
NestVideoDoorbell,policy,0.0,0.0,0.0,0.0,0.0,0.0003937007874015748
NestVideoDoorbell,cyber,0.0,0.0,0.0,0.0,0.0,0.0003937007874015748
NestVideoDoorbell,freedom,0.0,0.0,0.0,0.0,0.0003937007874015748,0.0
NestVideoDoorbell,law,0.0,0.0,0.0,0.0003937007874015748,0.0003937007874015748,0.0
NestVideoDoorbell,hack,0.0,0.0,0.0,0.0,0.0,0.0003937007874015748
NestVideoDoorbell,police,0.0,0.0,0.0,0.0,0.0003937007874015748,0.0
NestVideoDoorbell,individual,0.0,0.0,0.0,0.0,0.0003937007874015748,0.0
NestHubMax,security,0.0,0.0,0.0,0.0010905125408942203,0.006543075245365322,0.04252998909487459
NestHubMax,monitor,0.0,0.0,0.0,0.0,0.0021810250817884407,0.011995637949836423
NestHubMax,right,0.0,0.0,0.0,0.0010905125408942203,0.003271537622682661,0.008724100327153763
NestHubMax,track,0.0,0.0,0.0,0.0,0.0,0.0021810250817884407
NestHubMax,individual,0.0,0.0,0.0,0.0,0.0,0.0010905125408942203
NestHubMax,freedom,0.0,0.0,0.0,0.0,0.0,0.0010905125408942203
NestHubMax,safety,0.0,0.0,0.0,0.0,0.0,0.0021810250817884407
NestHubMax,aware,0.0,0.0,0.0,0.0,0.0010905125408942203,0.0021810250817884407
NestHubMax,safe,0.0,0.0,0.0,0.0,0.0,0.0010905125408942203
NestHubMax,privacy,0.0,0.0,0.0,0.0,0.0,0.006543075245365322
NestHubMax,protection,0.0,0.0,0.0,0.0,0.0,0.0010905125408942203
NestHubMax,law,0.0,0.0,0.0010905125408942203,0.0,0.0,0.0
NestHubMax,physical,0.0,0.0,0.0,0.0,0.0010905125408942203,0.0
NestHubMax,secure,0.0,0.0,0.0,0.0,0.0,0.0010905125408942203
NestHubMax,surveillance,0.0,0.0,0.0,0.0010905125408942203,0.0,0.0
NestHubMax,unaware,0.0,0.0,0.0,0.0,0.0,0.0010905125408942203
NestHubMax,creepy,0.0,0.0,0.0,0.0,0.0010905125408942203,0.0
RingSpotlightCam,safe,0.0,0.0,0.00033433634236041456,0.0010030090270812437,0.00802407221664995,0.0050150451354062184
RingSpotlightCam,data,0.0,0.0,0.0,0.00033433634236041456,0.0010030090270812437,0.00033433634236041456
RingSpotlightCam,security,0.0,0.0,0.0020060180541624875,0.012704781009695755,0.0755600133734537,0.043463724506853894
RingSpotlightCam,protection,0.0,0.0,0.0,0.0006686726847208291,0.0036776997659645604,0.0026746907388833165
RingSpotlightCam,right,0.0,0.0,0.00033433634236041456,0.001671681711802073,0.007689735874289535,0.0056837178201270475
RingSpotlightCam,aware,0.0,0.0,0.0,0.0010030090270812437,0.001671681711802073,0.0013373453694416582
RingSpotlightCam,surveillance,0.0,0.0,0.00033433634236041456,0.0006686726847208291,0.003343363423604146,0.0026746907388833165
RingSpotlightCam,police,0.0,0.0,0.0,0.00033433634236041456,0.0006686726847208291,0.00033433634236041456
RingSpotlightCam,scary,0.0,0.0,0.0,0.00033433634236041456,0.0,0.0
RingSpotlightCam,crime,0.0,0.0,0.0,0.0,0.00033433634236041456,0.0006686726847208291
RingSpotlightCam,physical,0.0,0.0,0.0,0.0,0.0006686726847208291,0.0
RingSpotlightCam,secure,0.0,0.0,0.0,0.0010030090270812437,0.004012036108324975,0.001671681711802073
RingSpotlightCam,license,0.0,0.0,0.0,0.0,0.0010030090270812437,0.00033433634236041456
RingSpotlightCam,track,0.0,0.0,0.0,0.0,0.0010030090270812437,0.001671681711802073
RingSpotlightCam,monitor,0.0,0.0,0.0,0.00033433634236041456,0.004680708793045804,0.004012036108324975
RingSpotlightCam,storage,0.0,0.0,0.0,0.00033433634236041456,0.0026746907388833165,0.00033433634236041456
RingSpotlightCam,spy,0.0,0.0,0.0,0.0,0.00033433634236041456,0.0
RingSpotlightCam,fear,0.0,0.0,0.0,0.0,0.00033433634236041456,0.0
RingSpotlightCam,cyber,0.0,0.0,0.0,0.0,0.0006686726847208291,0.0
RingSpotlightCam,law,0.0,0.0,0.0,0.00033433634236041456,0.0013373453694416582,0.0
RingSpotlightCam,safety,0.0,0.0,0.0,0.00033433634236041456,0.0020060180541624875,0.0010030090270812437
RingSpotlightCam,individual,0.0,0.0,0.0,0.0,0.00033433634236041456,0.0
RingSpotlightCam,targeted,0.0,0.0,0.0,0.0,0.00033433634236041456,0.0
RingSpotlightCam,intrusion,0.0,0.0,0.0,0.0,0.00033433634236041456,0.0
RingSpotlightCam,policy,0.0,0.0,0.0,0.0,0.00033433634236041456,0.00033433634236041456
RingSpotlightCam,private,0.0,0.0,0.0,0.0,0.0,0.00033433634236041456
RingSpotlightCam,loss,0.0,0.0,0.0,0.0,0.0006686726847208291,0.0
RingSpotlightCam,government,0.0,0.0,0.0,0.0,0.00033433634236041456,0.0
RingIndoorCam,privacy,0.0,0.0,0.0,0.0,0.005302695536897923,0.010605391073795847
RingIndoorCam,security,0.0,0.0,0.0,0.0,0.025187803800265134,0.04684047724259832
RingIndoorCam,monitor,0.0,0.0,0.0,0.0,0.014582412726469289,0.022978347326557666
RingIndoorCam,loss,0.0,0.0,0.0,0.0,0.0008837825894829872,0.0004418912947414936
RingIndoorCam,right,0.0,0.0,0.0,0.0,0.003977021652673442,0.016349977905435263
RingIndoorCam,surveillance,0.0,0.0,0.0,0.0,0.0017675651789659744,0.0026513477684489617
RingIndoorCam,data,0.0,0.0,0.0,0.0,0.0004418912947414936,0.0026513477684489617
RingIndoorCam,storage,0.0,0.0,0.0,0.0,0.002209456473707468,0.003535130357931949
RingIndoorCam,aware,0.0,0.0,0.0,0.0,0.0004418912947414936,0.0026513477684489617
RingIndoorCam,law,0.0,0.0,0.0,0.0,0.0004418912947414936,0.0008837825894829872
RingIndoorCam,physical,0.0,0.0,0.0,0.0,0.0008837825894829872,0.0008837825894829872
RingIndoorCam,secure,0.0,0.0,0.0,0.0,0.003535130357931949,0.0030932390631904553
RingIndoorCam,hack,0.0,0.0,0.0,0.0,0.0008837825894829872,0.0004418912947414936
RingIndoorCam,police,0.0,0.0,0.0,0.0,0.0004418912947414936,0.0013256738842244808
RingIndoorCam,harm,0.0,0.0,0.0,0.0,0.0,0.0004418912947414936
RingIndoorCam,insurance,0.0,0.0,0.0,0.0,0.0,0.0004418912947414936
RingIndoorCam,private,0.0,0.0,0.0,0.0,0.0,0.0017675651789659744
RingIndoorCam,virus,0.0,0.0,0.0,0.0,0.0004418912947414936,0.0
RingIndoorCam,protection,0.0,0.0,0.0,0.0,0.0013256738842244808,0.003977021652673442
RingIndoorCam,safe,0.0,0.0,0.0,0.0,0.0026513477684489617,0.0057445868316394165
RingIndoorCam,license,0.0,0.0,0.0,0.0,0.0008837825894829872,0.0
RingIndoorCam,safety,0.0,0.0,0.0,0.0,0.0004418912947414936,0.0030932390631904553
RingIndoorCam,cyber,0.0,0.0,0.0,0.0,0.0004418912947414936,0.0
RingIndoorCam,track,0.0,0.0,0.0,0.0,0.0017675651789659744,0.0008837825894829872
RingIndoorCam,unusual,0.0,0.0,0.0,0.0,0.0,0.0004418912947414936
RingIndoorCam,damage,0.0,0.0,0.0,0.0,0.0,0.0008837825894829872
RingIndoorCam,permission,0.0,0.0,0.0,0.0,0.0,0.0004418912947414936
RingIndoorCam,scary,0.0,0.0,0.0,0.0,0.0,0.0004418912947414936
RingIndoorCam,spy,0.0,0.0,0.0,0.0,0.0017675651789659744,0.0008837825894829872
RingIndoorCam,freedom,0.0,0.0,0.0,0.0,0.0,0.0004418912947414936
RingIndoorCam,targeted,0.0,0.0,0.0,0.0,0.0,0.0004418912947414936
RingIndoorCam,violation,0.0,0.0,0.0,0.0,0.0,0.0004418912947414936
RingIndoorCam,advertisement,0.0,0.0,0.0,0.0,0.0004418912947414936,0.0
RingIndoorCam,crime,0.0,0.0,0.0,0.0,0.0004418912947414936,0.0
FacebookPortal,right,0.0,0.0,0.0,0.0007621951219512195,0.007621951219512195,0.01524390243902439
FacebookPortal,safe,0.0,0.0,0.0,0.0,0.0007621951219512195,0.001524390243902439
FacebookPortal,track,0.0,0.0,0.0,0.0,0.0022865853658536584,0.0038109756097560975
FacebookPortal,third-party,0.0,0.0,0.0,0.0,0.0007621951219512195,0.0
FacebookPortal,privacy,0.0,0.0,0.0,0.0,0.007621951219512195,0.01524390243902439
FacebookPortal,law,0.0,0.0,0.0,0.0,0.0007621951219512195,0.009146341463414634
FacebookPortal,monitor,0.0,0.0,0.0,0.0,0.0007621951219512195,0.0
FacebookPortal,security,0.0,0.0,0.0,0.0,0.003048780487804878,0.0007621951219512195
FacebookPortal,physical,0.0,0.0,0.0,0.0,0.0007621951219512195,0.0007621951219512195
FacebookPortal,individual,0.0,0.0,0.0007621951219512195,0.0,0.0,0.0
FacebookPortal,unusual,0.0,0.0,0.0,0.0007621951219512195,0.0,0.0
FacebookPortal,virus,0.0,0.0,0.0,0.0,0.0,0.0007621951219512195
FacebookPortal,fear,0.0,0.0,0.0,0.0,0.0,0.0007621951219512195
FacebookPortal,private,0.0,0.0,0.0,0.0,0.0007621951219512195,0.001524390243902439
FacebookPortal,advertisement,0.0,0.0,0.0,0.0,0.0007621951219512195,0.0007621951219512195
FacebookPortal,ads,0.0,0.0,0.0,0.0,0.0007621951219512195,0.0007621951219512195
FacebookPortal,secure,0.0,0.0,0.0,0.0,0.0,0.0007621951219512195
FacebookPortal,protection,0.0,0.0,0.0,0.0,0.0,0.0007621951219512195
FacebookPortal,data,0.0,0.0,0.0,0.0007621951219512195,0.0022865853658536584,0.0
FacebookPortal,creepy,0.0,0.0,0.0,0.0,0.0,0.0007621951219512195
FacebookPortal,invasive,0.0,0.0,0.0,0.0,0.0007621951219512195,0.0
FacebookPortal,aware,0.0,0.0,0.0,0.0,0.0,0.0007621951219512195
FacebookPortal,storage,0.0,0.0,0.0,0.0,0.0,0.0007621951219512195
NestIndoorCam,aware,0.005022156573116691,0.009453471196454948,0.010192023633677992,0.005612998522895126,0.0025110782865583456,0.0022156573116691287
NestIndoorCam,monitor,0.011669128508124077,0.020974889217134418,0.01447562776957164,0.007533234859675037,0.006499261447562777,0.003397341211225997
NestIndoorCam,scary,0.0,0.0002954209748892171,0.0,0.0,0.0,0.0
NestIndoorCam,unaware,0.0,0.0002954209748892171,0.00014771048744460856,0.0,0.0,0.00014771048744460856
NestIndoorCam,right,0.003988183161004431,0.0070901033973412115,0.005022156573116691,0.0025110782865583456,0.0016248153618906942,0.0008862629246676514
NestIndoorCam,security,0.013146233382570163,0.03589364844903988,0.02703101920236337,0.01536189069423929,0.012850812407680946,0.0051698670605613
NestIndoorCam,storage,0.004579025110782866,0.0103397341211226,0.00723781388478582,0.002658788774002954,0.0022156573116691287,0.00014771048744460856
NestIndoorCam,data,0.001329394387001477,0.0017725258493353029,0.00206794682422452,0.0014771048744460858,0.0005908419497784342,0.0002954209748892171
NestIndoorCam,police,0.0007385524372230429,0.0011816838995568684,0.0004431314623338257,0.00014771048744460856,0.0005908419497784342,0.0
NestIndoorCam,damage,0.0002954209748892171,0.00014771048744460856,0.0002954209748892171,0.0,0.0,0.00014771048744460856
NestIndoorCam,surveillance,0.0011816838995568684,0.0022156573116691287,0.0019202363367799113,0.0011816838995568684,0.0007385524372230429,0.0005908419497784342
NestIndoorCam,safe,0.0005908419497784342,0.0014771048744460858,0.0007385524372230429,0.0005908419497784342,0.0005908419497784342,0.0004431314623338257
NestIndoorCam,license,0.0002954209748892171,0.0007385524372230429,0.0004431314623338257,0.0,0.00014771048744460856,0.0
NestIndoorCam,spy,0.0002954209748892171,0.00103397341211226,0.0005908419497784342,0.0008862629246676514,0.0005908419497784342,0.0002954209748892171
NestIndoorCam,law,0.0,0.00014771048744460856,0.0002954209748892171,0.00014771048744460856,0.00014771048744460856,0.00014771048744460856
NestIndoorCam,creepy,0.0,0.00014771048744460856,0.0,0.00014771048744460856,0.00014771048744460856,0.0
NestIndoorCam,track,0.0008862629246676514,0.0017725258493353029,0.0014771048744460858,0.0007385524372230429,0.0005908419497784342,0.0002954209748892171
NestIndoorCam,secure,0.0007385524372230429,0.0011816838995568684,0.001329394387001477,0.0004431314623338257,0.00103397341211226,0.0
NestIndoorCam,policy,0.00014771048744460856,0.0002954209748892171,0.0004431314623338257,0.0,0.00014771048744460856,0.00014771048744460856
NestIndoorCam,safety,0.00014771048744460856,0.0014771048744460858,0.0007385524372230429,0.00014771048744460856,0.0002954209748892171,0.00014771048744460856
NestIndoorCam,privacy,0.0002954209748892171,0.0002954209748892171,0.0005908419497784342,0.0,0.0014771048744460858,0.0002954209748892171
NestIndoorCam,protection,0.00014771048744460856,0.00014771048744460856,0.0004431314623338257,0.00014771048744460856,0.0,0.0005908419497784342
NestIndoorCam,loss,0.0,0.0004431314623338257,0.0002954209748892171,0.0,0.0,0.00014771048744460856
NestIndoorCam,leak,0.0,0.0,0.0,0.00014771048744460856,0.0,0.0
NestIndoorCam,individual,0.00014771048744460856,0.0002954209748892171,0.0,0.00014771048744460856,0.0,0.0
NestIndoorCam,physical,0.00014771048744460856,0.00014771048744460856,0.0004431314623338257,0.0002954209748892171,0.0,0.0
NestIndoorCam,insurance,0.0,0.00014771048744460856,0.0004431314623338257,0.00014771048744460856,0.0,0.0
NestIndoorCam,cyber,0.0,0.00014771048744460856,0.0002954209748892171,0.00014771048744460856,0.0,0.0
NestIndoorCam,uncomfortable,0.00014771048744460856,0.0,0.0,0.0,0.00014771048744460856,0.0
NestIndoorCam,intrusion,0.0,0.0,0.0,0.0,0.00014771048744460856,0.0
NestIndoorCam,third-party,0.00014771048744460856,0.0,0.0,0.0,0.00014771048744460856,0.0
NestIndoorCam,fear,0.0002954209748892171,0.0,0.00014771048744460856,0.0,0.0,0.00014771048744460856
NestIndoorCam,ads,0.0002954209748892171,0.0002954209748892171,0.0002954209748892171,0.00014771048744460856,0.0,0.0
NestIndoorCam,invasive,0.0,0.0,0.00014771048744460856,0.0,0.0,0.0
NestIndoorCam,permission,0.0,0.0,0.00014771048744460856,0.0,0.00014771048744460856,0.0
NestIndoorCam,threat,0.0,0.0,0.00014771048744460856,0.0,0.0,0.00014771048744460856
NestIndoorCam,private,0.0005908419497784342,0.0002954209748892171,0.00014771048744460856,0.0,0.0,0.00014771048744460856
NestIndoorCam,advertisement,0.0,0.00014771048744460856,0.00014771048744460856,0.0,0.0,0.0
NestIndoorCam,agreement,0.0,0.00014771048744460856,0.0,0.0,0.0,0.0
NestIndoorCam,crime,0.0,0.0002954209748892171,0.00014771048744460856,0.00014771048744460856,0.0,0.0
NestIndoorCam,violation,0.0,0.0,0.0,0.00014771048744460856,0.0,0.0
NestIndoorCam,freedom,0.0,0.0,0.00014771048744460856,0.0,0.0,0.0
NestIndoorCam,secret,0.00014771048744460856,0.0,0.00014771048744460856,0.0,0.0,0.0
NestIndoorCam,nsa,0.00014771048744460856,0.0,0.0,0.0,0.0,0.0
NestIndoorCam,spyware,0.0,0.0,0.00014771048744460856,0.0,0.0,0.0
NestIndoorCam,unauthorized,0.00014771048744460856,0.00014771048744460856,0.0,0.0,0.0,0.0
NestIndoorCam,unusual,0.00014771048744460856,0.00014771048744460856,0.0,0.0,0.0,0.0
NestIndoorCam,firewall,0.00014771048744460856,0.0,0.0,0.0,0.0,0.0
NestIndoorCam,vulnerability,0.0,0.0,0.0,0.0,0.00014771048744460856,0.0
NestWifi,privacy,0.0,0.0,0.0005977286312014345,0.0,0.0,0.002988643156007173
NestWifi,security,0.0,0.0,0.0,0.00029886431560071725,0.00029886431560071725,0.007471607890017932
NestWifi,right,0.0,0.0,0.0005977286312014345,0.00029886431560071725,0.002390914524805738,0.01315002988643156
NestWifi,individual,0.0,0.0,0.00029886431560071725,0.0,0.00029886431560071725,0.001195457262402869
NestWifi,loss,0.0,0.00029886431560071725,0.0,0.0,0.00029886431560071725,0.00328750747160789
NestWifi,data,0.0,0.0,0.0,0.0,0.0,0.0041841004184100415
NestWifi,track,0.0,0.0,0.00029886431560071725,0.0,0.0,0.0014943215780035865
NestWifi,monitor,0.0,0.0,0.00029886431560071725,0.0,0.0,0.005379557680812911
NestWifi,firewall,0.0,0.0,0.0,0.0,0.0,0.00029886431560071725
NestWifi,secure,0.0,0.0,0.0,0.0,0.0,0.0014943215780035865
NestWifi,physical,0.0,0.0,0.0,0.0,0.0,0.0005977286312014345
NestWifi,advertisement,0.0,0.0,0.0,0.0,0.0,0.0005977286312014345
NestWifi,leak,0.0,0.0,0.0,0.0,0.0,0.00029886431560071725
NestWifi,aware,0.0,0.0,0.0,0.0,0.0,0.00029886431560071725
NestWifi,storage,0.0,0.0,0.0,0.0,0.0,0.00029886431560071725
NestWifi,private,0.0,0.0,0.0,0.0,0.0,0.0005977286312014345
NestWifi,safe,0.0,0.0,0.0,0.0,0.0,0.0008965929468021519
NestWifi,safety,0.0,0.0,0.0,0.0,0.0,0.0005977286312014345
NestWifi,virus,0.0,0.0,0.0,0.0,0.0,0.0005977286312014345
NestWifi,surveillance,0.0,0.0,0.0,0.0,0.0,0.00029886431560071725
NestWifi,scary,0.0,0.0,0.0,0.0,0.0,0.0008965929468021519
NestWifi,protection,0.0,0.0,0.0,0.0,0.0,0.0005977286312014345
NestWifi,damage,0.0,0.0,0.0,0.0,0.0,0.00029886431560071725
NestWifi,law,0.0,0.0,0.0,0.0,0.0,0.00029886431560071725
EchoStudio,right,0.0,0.0,0.0,0.0,0.00816326530612245,0.02794348508634223
EchoStudio,individual,0.0,0.0,0.0,0.0,0.0009419152276295133,0.0015698587127158557
EchoStudio,monitor,0.0,0.0,0.0,0.0,0.0003139717425431711,0.0003139717425431711
EchoStudio,track,0.0,0.0,0.0,0.0,0.0009419152276295133,0.0009419152276295133
EchoStudio,damage,0.0,0.0,0.0,0.0,0.0003139717425431711,0.0003139717425431711
EchoStudio,data,0.0,0.0,0.0,0.0,0.0,0.0003139717425431711
EchoStudio,fear,0.0,0.0,0.0,0.0,0.0003139717425431711,0.0
EchoStudio,policy,0.0,0.0,0.0,0.0,0.0003139717425431711,0.0006279434850863422
EchoStudio,physical,0.0,0.0,0.0,0.0,0.0,0.0009419152276295133
EchoStudio,loss,0.0,0.0,0.0,0.0,0.0,0.0012558869701726845
EchoStudio,aware,0.0,0.0,0.0,0.0,0.0003139717425431711,0.0018838304552590266
EchoStudio,private,0.0,0.0,0.0,0.0,0.0,0.0003139717425431711
EchoStudio,unusual,0.0,0.0,0.0,0.0,0.0,0.0006279434850863422
EchoStudio,permission,0.0,0.0,0.0,0.0,0.0003139717425431711,0.0
EchoStudio,safe,0.0,0.0,0.0,0.0,0.0,0.0009419152276295133
EchoStudio,hack,0.0,0.0,0.0,0.0,0.0,0.0003139717425431711
EchoStudio,security,0.0,0.0,0.0,0.0,0.0,0.0003139717425431711
EchoStudio,government,0.0,0.0,0.0,0.0,0.0,0.0003139717425431711
EchoStudio,freedom,0.0,0.0,0.0,0.0,0.0,0.0006279434850863422
EchoStudio,tos,0.0,0.0,0.0,0.0,0.0,0.0003139717425431711
EchoStudio,privacy,0.0,0.0,0.0,0.0,0.0,0.0006279434850863422
EchoStudio,law,0.0,0.0,0.0,0.0,0.0,0.0006279434850863422
EchoStudio,ads,0.0,0.0,0.0,0.0,0.0,0.0003139717425431711
EchoStudio,legal,0.0,0.0,0.0,0.0,0.0003139717425431711,0.0
EchoStudio,secure,0.0,0.0,0.0,0.0,0.0,0.0003139717425431711
WyzeCamPan,security,0.0,0.0,0.0,0.012234533702677746,0.05632502308402586,0.039242843951985226
WyzeCamPan,storage,0.0,0.0,0.0,0.0039242843951985225,0.018236380424746075,0.009233610341643583
WyzeCamPan,right,0.0,0.0,0.0,0.0043859649122807015,0.023084025854108958,0.019159741458910435
WyzeCamPan,physical,0.0,0.0,0.0,0.00023084025854108956,0.0011542012927054479,0.0006925207756232687
WyzeCamPan,monitor,0.0,0.0,0.0,0.00554016620498615,0.02631578947368421,0.025161588180978762
WyzeCamPan,damage,0.0,0.0,0.0,0.0004616805170821791,0.0004616805170821791,0.0004616805170821791
WyzeCamPan,track,0.0,0.0,0.0,0.002770083102493075,0.008310249307479225,0.008079409048938134
WyzeCamPan,individual,0.0,0.0,0.0,0.0004616805170821791,0.0009233610341643582,0.0006925207756232687
WyzeCamPan,breach,0.0,0.0,0.0,0.0,0.0004616805170821791,0.0004616805170821791
WyzeCamPan,threat,0.0,0.0,0.0,0.0,0.0,0.0004616805170821791
WyzeCamPan,data,0.0,0.0,0.0,0.0006925207756232687,0.003231763619575254,0.0025392428439519853
WyzeCamPan,policy,0.0,0.0,0.0,0.00023084025854108956,0.00023084025854108956,0.0
WyzeCamPan,protection,0.0,0.0,0.0,0.00023084025854108956,0.0013850415512465374,0.0006925207756232687
WyzeCamPan,privacy,0.0,0.0,0.0,0.0013850415512465374,0.006001846722068329,0.0018467220683287165
WyzeCamPan,government,0.0,0.0,0.0,0.0,0.00023084025854108956,0.0
WyzeCamPan,violation,0.0,0.0,0.0,0.0,0.00023084025854108956,0.0
WyzeCamPan,spy,0.0,0.0,0.0,0.0009233610341643582,0.002077562326869806,0.0025392428439519853
WyzeCamPan,creepy,0.0,0.0,0.0,0.0,0.0011542012927054479,0.0006925207756232687
WyzeCamPan,safety,0.0,0.0,0.0,0.0,0.0009233610341643582,0.001615881809787627
WyzeCamPan,aware,0.0,0.0,0.0,0.0004616805170821791,0.0030009233610341643,0.002770083102493075
WyzeCamPan,safe,0.0,0.0,0.0,0.0004616805170821791,0.0013850415512465374,0.002770083102493075
WyzeCamPan,secure,0.0,0.0,0.0,0.00023084025854108956,0.0034626038781163434,0.001615881809787627
WyzeCamPan,license,0.0,0.0,0.0,0.0,0.0004616805170821791,0.0011542012927054479
WyzeCamPan,loss,0.0,0.0,0.0,0.0,0.0011542012927054479,0.0006925207756232687
WyzeCamPan,firewall,0.0,0.0,0.0,0.00023084025854108956,0.00023084025854108956,0.0004616805170821791
WyzeCamPan,crime,0.0,0.0,0.0,0.0,0.0,0.0004616805170821791
WyzeCamPan,police,0.0,0.0,0.0,0.0,0.0,0.0006925207756232687
WyzeCamPan,fear,0.0,0.0,0.0,0.0,0.0004616805170821791,0.00023084025854108956
WyzeCamPan,secret,0.0,0.0,0.0,0.0,0.00023084025854108956,0.0
WyzeCamPan,surveillance,0.0,0.0,0.0,0.0004616805170821791,0.003231763619575254,0.003693444136657433
WyzeCamPan,private,0.0,0.0,0.0,0.0,0.0009233610341643582,0.0004616805170821791
WyzeCamPan,leak,0.0,0.0,0.0,0.0,0.00023084025854108956,0.0
WyzeCamPan,hack,0.0,0.0,0.0,0.0,0.00023084025854108956,0.0004616805170821791
WyzeCamPan,intrusion,0.0,0.0,0.0,0.0,0.0004616805170821791,0.00023084025854108956
WyzeCamPan,advertisement,0.0,0.0,0.0,0.0,0.0,0.00023084025854108956
WyzeCamPan,abuse,0.0,0.0,0.0,0.0,0.00023084025854108956,0.0
WyzeCamPan,permission,0.0,0.0,0.0,0.0,0.00023084025854108956,0.00023084025854108956
WyzeCamPan,spyware,0.0,0.0,0.0,0.0,0.00023084025854108956,0.0
WyzeCamPan,unaware,0.0,0.0,0.0,0.0,0.00023084025854108956,0.0
WyzeCamPan,freedom,0.0,0.0,0.0,0.0,0.0,0.00023084025854108956
WyzeCamPan,virus,0.0,0.0,0.0,0.0,0.0,0.00023084025854108956
WyzeCamPan,unusual,0.0,0.0,0.0,0.0,0.0,0.00023084025854108956
WyzeCamPan,law,0.0,0.0,0.0,0.0,0.00023084025854108956,0.0004616805170821791
WyzeCamPan,third-party,0.0,0.0,0.0,0.0,0.0,0.00023084025854108956
WyzeCamPan,cyber,0.0,0.0,0.0,0.0,0.00023084025854108956,0.0
NanitPlus,secure,0.0,0.0,0.0,0.0024330900243309003,0.0,0.0
NanitPlus,right,0.0,0.0,0.0,0.0072992700729927005,0.004866180048661801,0.0072992700729927005
NanitPlus,loss,0.0,0.0,0.0,0.0,0.0024330900243309003,0.0
NanitPlus,monitor,0.0,0.0,0.0,0.046228710462287104,0.1362530413625304,0.16058394160583941
NanitPlus,security,0.0,0.0,0.0,0.004866180048661801,0.009732360097323601,0.0
NanitPlus,track,0.0,0.0,0.0,0.004866180048661801,0.014598540145985401,0.029197080291970802
NanitPlus,safe,0.0,0.0,0.0,0.0024330900243309003,0.004866180048661801,0.0
NanitPlus,secret,0.0,0.0,0.0,0.0024330900243309003,0.0,0.0
NanitPlus,aware,0.0,0.0,0.0,0.0024330900243309003,0.0,0.0
NanitPlus,data,0.0,0.0,0.0,0.0024330900243309003,0.014598540145985401,0.021897810218978103
NanitPlus,firewall,0.0,0.0,0.0,0.0,0.0,0.0024330900243309003
NanitPlus,intrusion,0.0,0.0,0.0,0.0,0.0,0.0024330900243309003
NanitPlus,law,0.0,0.0,0.0,0.0,0.0,0.0024330900243309003
NanitPlus,private,0.0,0.0,0.0,0.0,0.0,0.0024330900243309003
NanitPlus,safety,0.0,0.0,0.0,0.0024330900243309003,0.0024330900243309003,0.0
NanitPlus,surveillance,0.0,0.0,0.0,0.0,0.0024330900243309003,0.0
NanitPlus,permission,0.0,0.0,0.0,0.0024330900243309003,0.0,0.0
NanitPlus,physical,0.0,0.0,0.0,0.0,0.0024330900243309003,0.0
NanitPlus,scary,0.0,0.0,0.0,0.0,0.0,0.0024330900243309003
